first_name,email,Designation
mfrigout0,gganing0@google.co.jp,Biruinţa
rjanas1,jsetchell1@yandex.ru,Numan
gsimonett2,eertelt2@sciencedaily.com,Ortega
fleroux3,rgration3@freewebs.com,Kishiwada
mlidgett4,tabrahamsen4@mtv.com,Jobabo
wdagnan5,mbotfield5@barnesandnoble.com,Vitoria-Gasteiz
fforten6,jknightsbridge6@people.com.cn,Sydney
ccolnett7,cvarcoe7@list-manage.com,Bangbayang
lbrackenbury8,kflaunier8@yelp.com,Hongor
pdumblton9,mbrettor9@netvibes.com,Kyzyl-Oktyabr’skiy
nrenihana,gstoddarda@bravesites.com,Fangfan
obalaisonb,ielliotb@loc.gov,‘Anjarah
jbringloec,flowisc@unblog.fr,Rijau
pdavidged,apengelleyd@ftc.gov,Łomża
dskeetee,emacpeakee@nature.com,Kujama
sschimonf,egwatkinsf@yellowbook.com,Pā’īn-e Bāzār-e Rūdbār
abreakspearg,sbraddeng@comsenz.com,Gialo
smoseleyh,tedelheith@dagondesign.com,Caracal
adumphyi,zbaughani@usgs.gov,Cergy-Pontoise
kcastreej,hklaffj@altervista.org,Uusikaupunki
hcapstackk,jgeevesk@ucoz.com,Tegalagung
sdenerleyl,fklulikl@meetup.com,Santander de Quilichao
jtomsam,aferrymanm@tamu.edu,Chatan
msnelsonn,mpulestonn@fastcompany.com,Kungshamn
nlinningo,gchamberleno@addthis.com,Ciawitali
lovendenp,eschroderp@fotki.com,Companhia de Baixo
ksaveryq,mpoynserq@yandex.ru,Uście Gorlickie
lnortunenr,ccharringtonr@123-reg.co.uk,Palermo
rhilldrups,bschustls@naver.com,Pervoavgustovskiy
mgervaiset,ctrimmillt@umich.edu,Caldono
cgoodieu,bdyeru@unicef.org,London
fkaplanv,jdartnellv@cmu.edu,Lovas
kbraysonw,rshurrockw@google.co.uk,Carmen de Viboral
phandoverx,mschleswigholsteinx@biglobe.ne.jp,Randuboto
aiacovucciy,nrittery@dell.com,Seleuš
cheinlez,osylettz@storify.com,Forssa
nmcquilkin10,bibotson10@imgur.com,Lobuni
vsphinxe11,ojamson11@boston.com,Orangeville
bbattell12,fmatis12@seattletimes.com,Kangping
mtulloch13,kkief13@sun.com,Pitangui
pgumb14,mmeddows14@youtu.be,Beicheng
hyorath15,zdabnor15@stanford.edu,Xiushi
mgrealey16,abear16@nhs.uk,Ntungamo
djoddins17,wlewisham17@sogou.com,Diaofeng
jkirsz18,ascarlett18@pinterest.com,Encrucijada
araftery19,mbraxton19@amazon.de,Wiwilí
dbartolozzi1a,trediers1a@1und1.de,Wucun
edunsire1b,wbrosetti1b@microsoft.com,Xiamao
pelt1c,roneill1c@tinypic.com,Dolní Čermná
msaleway1d,ppinks1d@google.cn,Старо Нагоричане
ibreeds1e,jsqueers1e@cpanel.net,Gangbian
lpruce1f,zrenton1f@unblog.fr,Manta
jfutty1g,hflaubert1g@who.int,Masaguisi
pmanders1h,vfishley1h@deviantart.com,Reston
lwheeldon1i,rody1i@economist.com,Yangping
lcastletine1j,eborlease1j@rambler.ru,Maradi
tbristowe1k,smaccard1k@exblog.jp,Genova
lbaudinelli1l,jgrimstead1l@amazon.de,Solnechnyy
cbernhard1m,goakman1m@chron.com,Primorskiy
btriggs1n,acolumbine1n@amazon.com,Sindangkopo
sjinkins1o,scecchi1o@scientificamerican.com,Illkirch-Graffenstaden
bgoford1p,dchurn1p@go.com,El Adelanto
bcorrett1q,rdomenicone1q@macromedia.com,Duzhenwan
cdumbare1r,jveljes1r@buzzfeed.com,Jaraguá do Sul
sclayden1s,rdecastelain1s@samsung.com,Mochishche
plambole1t,gwonter1t@about.me,Sanxianling
afirebrace1u,cbaldwin1u@moonfruit.com,Văn Giang
ctooby1v,aolivo1v@mashable.com,Talok
fwinthrop1w,mkiddey1w@ovh.net,Shanga
lculbert1x,gskune1x@issuu.com,Emiliano Zapata
mmicheu1y,mheaffey1y@a8.net,Zhongxian
mdudney1z,lcecil1z@pinterest.com,Pataha
jgraybeal20,srawcliffe20@so-net.ne.jp,San Antonio
erizzardo21,mteather21@ft.com,Matou
lslade22,cbroxis22@wordpress.org,Changsu
hclare23,ssammes23@techcrunch.com,Libenge
ddavinet24,ohaly24@vk.com,Nifuboko
wmarks25,ehalesworth25@cocolog-nifty.com,Moscow
nraynton26,mcornill26@mit.edu,Tugdan
abezants27,ahatz27@discuz.net,Hayange
gwestwick28,ustothert28@alibaba.com,Kushchëvskaya
lpedrielli29,jdosedale29@marketwatch.com,Luftinjë
nsinisbury2a,civic2a@unesco.org,Nowy Sącz
bjardine2b,ariddiough2b@flavors.me,Caucete
abramsom2c,sblincoe2c@si.edu,Pueblo Nuevo
nfaulconbridge2d,dbadman2d@dell.com,Lavaur
taslin2e,hkilgour2e@guardian.co.uk,Ergong
sgear2f,ebenoiton2f@t.co,Wukang
mcomettoi2g,wbourdis2g@dailymotion.com,Shirbīn
amains2h,esavine2h@flavors.me,Auki
amcdougal2i,dpenelli2i@guardian.co.uk,Kaset Sombun
stomowicz2j,btante2j@blogs.com,Wanlongshan
iwhettleton2k,mimbrey2k@is.gd,Haozhai
sloudiane2l,avideler2l@ihg.com,Kabongan Kidul
ncrasford2m,mcollingridge2m@furl.net,Tianya
jentres2n,bharrisson2n@issuu.com,Oeba
btrumble2o,avinas2o@wiley.com,Jabłonowo Pomorskie
hgillise2p,khegarty2p@over-blog.com,Wang Yang
pohern2q,jspawton2q@oaic.gov.au,Finspång
vmansuer2r,ajerrolt2r@gizmodo.com,Rîşcani
hgrogor2s,kboatman2s@twitter.com,Dziewin
bwhitters2t,ppaine2t@yahoo.co.jp,Sinarwangi
jmuzzlewhite2u,dfyldes2u@yale.edu,Sumalig
tandrejs2v,vmcduff2v@netlog.com,Wojsławice
edavinet2w,agaucher2w@earthlink.net,Mojogajeh
sburmingham2x,smcknish2x@ucsd.edu,Metz
scleyne2y,litzkov2y@apache.org,Wojnicz
nmacconnell2z,sstelljes2z@ameblo.jp,Zhishan
bribou30,bdenver30@weebly.com,Puning
mcowdery31,cfenner31@bloomberg.com,Longchi
atrehearn32,lquickfall32@mysql.com,Jalasenga
mantonovic33,gpeyton33@wikispaces.com,Nanortalik
nlassen34,gmariel34@discovery.com,Kobeřice
bpearlman35,rwhitlam35@google.cn,Frei
rbeneyto36,cnel36@elegantthemes.com,Sitovo
pskottle37,lgarnul37@live.com,Tsovazard
fiddens38,kdurbin38@google.com.br,Shibi
rjankin39,abriance39@blogspot.com,Nueva Manoa
ecreane3a,cfurmonger3a@so-net.ne.jp,Taraco
pwisher3b,ijedrzejkiewicz3b@oakley.com,Abaza
bdeveral3c,pgoldring3c@webmd.com,Casuguran
kfocke3d,vslaten3d@github.com,Muncar
cbartosik3e,erickaert3e@samsung.com,Patabog
lbreche3f,cbrickham3f@cpanel.net,Shuyuan Zhen
clillecrop3g,mkondratenya3g@amazon.co.uk,Kangding
mmcgowan3h,vfeldklein3h@123-reg.co.uk,Horten
rmaitland3i,tgeraud3i@independent.co.uk,Ledeč nad Sázavou
gguiness3j,afelton3j@chronoengine.com,Mahuta
acathie3k,dpetchey3k@stanford.edu,Nedryhayliv
mspriggen3l,sshalcras3l@google.fr,Hecun
mdodgson3m,cgrimestone3m@census.gov,Huacrapuquio
tolekhov3n,rschelle3n@tripadvisor.com,Nuits-Saint-Georges
clinkin3o,gnuccitelli3o@xinhuanet.com,Salvacion
dfarady3p,aastman3p@ebay.co.uk,Yongding
zveall3q,lantham3q@cloudflare.com,Douane
kmabley3r,wwicher3r@wiley.com,Bi’r al ‘Abd
zbohey3s,dllewhellin3s@pagesperso-orange.fr,Chorotis
ggadman3t,ehyndley3t@mapy.cz,Jilong
tinkster3u,gwoods3u@nhs.uk,Ampahana
imatis3v,icoston3v@scribd.com,Ubon Ratchathani
lbowhay3w,kgooly3w@vistaprint.com,Menampukrajan
ajinkinson3x,cvaud3x@pinterest.com,Aglalana
sshepcutt3y,bshutler3y@dailymail.co.uk,Duanjia
wcutbirth3z,lmerrywether3z@gmpg.org,Las Piñas
dtrank40,rmackenney40@technorati.com,Lameiro
cabsolem41,jhugnin41@newsvine.com,Dzhiginka
bgregorio42,lgeerits42@census.gov,Koltushi
kmaffezzoli43,vcowdry43@nih.gov,Naili
fheaford44,kbulgen44@slideshare.net,Sumbergayam
cazema45,aepperson45@over-blog.com,Panji
hreeder46,cdillistone46@xrea.com,Iporá
kalvarado47,cbooton47@arizona.edu,Riachos
ftwidle48,syanyshev48@mozilla.org,Vukatanë
pgooly49,tparkyns49@godaddy.com,Fengjiang
sjansa4a,cfonso4a@wunderground.com,Lesozavodsk
sgiraudot4b,cbonelle4b@lycos.com,Ystad
lmarvelley4c,dclist4c@networkadvertising.org,Ribeirão da Ilha
atesh4d,acreavin4d@java.com,Alung
epenhallurick4e,cgravey4e@fastcompany.com,Mehrābpur
wpantin4f,icorrigan4f@amazon.co.jp,Scottsdale
hgavin4g,hliverock4g@twitpic.com,Huayuan
bheys4h,btitterrell4h@pagesperso-orange.fr,Hegarsari
syankin4i,bclaffey4i@google.es,Latung
mmcilwraith4j,sgillmore4j@goo.gl,Mevo horon
cpedrocchi4k,cannies4k@sciencedaily.com,Guangping
jdykins4l,lroseburgh4l@macromedia.com,Al Tuḩaytā’
rscates4m,landraud4m@bravesites.com,Gujiang
mfiddyment4n,ctennewell4n@dagondesign.com,Hobor
smurricanes4o,fsnow4o@slideshare.net,Şuwayr
jdicarli4p,djansens4p@ezinearticles.com,Obesi
mfelgat4q,drudderham4q@npr.org,Nishishinminato
pmcbeith4r,rstallworth4r@whitehouse.gov,Cikaras
fhobson4s,dralfe4s@nba.com,San Miguel
ekhotler4t,lclapperton4t@naver.com,Vicente Guerrero
ibuttle4u,fpuckring4u@java.com,Gunungjulang
lrobardley4v,ocurnucke4v@istockphoto.com,San Eugenio
ijaher4w,epoynzer4w@zimbio.com,Malabag
asharpe4x,calsopp4x@phpbb.com,Gornji Breg
pmccarlich4y,ariall4y@pinterest.com,Gaoling
ciannelli4z,cziem4z@who.int,Church End
agrossman50,cheitz50@sciencedaily.com,Jessore
bthorneywork51,omattiazzi51@yellowpages.com,Addiet Canna
kdonaho52,mcunde52@adobe.com,Hrodna
ekensy53,ksagerson53@hugedomains.com,Shishang
adevanney54,dallin54@archive.org,Buçimas
hgingold55,mklima55@bluehost.com,Darenzhuang
tworgen56,mshimony56@comsenz.com,Pozhang
nbortoloni57,nreeveley57@marriott.com,Zalţan
ralen58,kdawber58@angelfire.com,Los Cóndores
mplatfoot59,kjindacek59@tiny.cc,Tabora
lskurray5a,fgirtin5a@ucla.edu,Makadi Bay
chaycraft5b,rtaylder5b@quantcast.com,Bol’shoye Skuratovo
dpeidro5c,lmawne5c@un.org,Sanshengyuan
gchessel5d,bheindle5d@google.pl,Bolengpulau
wjohncey5e,jriall5e@mozilla.org,Birmingham
gcanto5f,slifsey5f@guardian.co.uk,Bantry
ksweet5g,cspieck5g@fastcompany.com,Hua Sai
asivewright5h,iwoodman5h@sitemeter.com,Belica
nantonietti5i,gmasdon5i@posterous.com,Eyvān
btalby5j,kschultheiss5j@4shared.com,Konstantynów
nkingsford5k,hopdenorth5k@hp.com,Ghazni
nadriaens5l,hsamsonsen5l@cornell.edu,Kaindy
fballantyne5m,wohannen5m@nyu.edu,Chipaque
rschruyer5n,cthurske5n@state.tx.us,Vanves
ccawt5o,csheal5o@issuu.com,Estância Velha
sdibden5p,ikuzma5p@ning.com,Hujia
hbremmell5q,ccassel5q@newyorker.com,Chechenglu
hmcmeekin5r,dalster5r@github.io,Yanshi
ecrole5s,efriary5s@google.ca,5 de Mayo
cworgen5t,bbolding5t@hatena.ne.jp,Eldoret
kboteman5u,zwark5u@ustream.tv,Suzano
lpyser5v,cyegorshin5v@google.com.hk,Léo
gcasterton5w,hrogers5w@hibu.com,São José dos Pinhais
elamort5x,beck5x@fc2.com,Bayt ‘Awwā
dsaltman5y,jdavley5y@macromedia.com,Susuman
jgoodday5z,rgissing5z@un.org,Saint-Flour
ahuncote60,azamorano60@rediff.com,Tsinandali
ninkle61,bdarte61@pagesperso-orange.fr,Xinqiao
bcameron62,cdjurdjevic62@techcrunch.com,Atlanta
pbaldacco63,kcorradino63@cpanel.net,Sambopinggir
kklesel64,epedlar64@ucoz.ru,Huasahuasi
hteeney65,jmcclymond65@china.com.cn,Khagrachhari
jgarken66,bchretien66@fotki.com,Saharna
jdureden67,tgasking67@reverbnation.com,Gereshk
dposnett68,rscolli68@google.com.br,Cubará
jcarn69,gfost69@google.com.au,Esigodini
fdrohun6a,murey6a@chronoengine.com,Johor Bahru
hswaysland6b,scutmore6b@goo.ne.jp,Atolina
kpiscotti6c,dsalmon6c@yandex.ru,Zawiya
ehabbergham6d,nlamort6d@ovh.net,Castlebellingham
mkneller6e,rroelofs6e@devhub.com,Baiba
mrawdales6f,kbaldrey6f@godaddy.com,Évreux
ldobbs6g,ilindberg6g@dropbox.com,Anfusi
gsodor6h,chamlyn6h@amazonaws.com,Garoua
tandraud6i,hhobbema6i@topsy.com,Sibay
dcluer6j,njeste6j@ed.gov,Weekombaka
jstollery6k,dcostar6k@ed.gov,Linköping
cdebling6l,rcoultous6l@sakura.ne.jp,Sahnaiya
rholtom6m,abroxap6m@parallels.com,Bogovarovo
cker6n,mziemecki6n@msu.edu,Guagua
asloane6o,kobruen6o@guardian.co.uk,Zambujeira
lfarfolomeev6p,cgiacovelli6p@biglobe.ne.jp,Gumalang
ughilks6q,gtaplow6q@miibeian.gov.cn,Huancapi
skirwood6r,jprozillo6r@clickbank.net,Bagamoyo
bmiroy6s,xdoubrava6s@twitpic.com,Veghel
wiiannone6t,tgingles6t@java.com,Fenshui
tcornehl6u,vbryant6u@shinystat.com,Tongquan
fconford6v,bspoerl6v@illinois.edu,Černý Most
tturk6w,lscoles6w@goo.ne.jp,Tekstil’shchiki
mudell6x,jsunnex6x@guardian.co.uk,Krasnaya Poyma
parchibould6y,spoznan6y@printfriendly.com,Xinhua
bgotcher6z,bfinley6z@storify.com,Qozonketkan
dmaffei70,ftottie70@edublogs.org,Belopa
pdommett71,bungerechts71@youtube.com,Ravānsar
klafay72,snewcom72@psu.edu,Lijia
sdelouch73,ealen73@printfriendly.com,Tisno
ecordaroy74,eraffin74@ow.ly,Daqiao
tcarff75,mjandourek75@craigslist.org,Xiadahe
mogiany76,kpettyfer76@g.co,Baitouli
mbateman77,mfollows77@liveinternet.ru,Nakhon Phanom
tdibiagi78,ngreenroyd78@geocities.jp,Xunqiao
hvenning79,ewrighton79@arizona.edu,Candi
ehannay7a,sfontin7a@digg.com,Gora
cpallent7b,jlansdowne7b@globo.com,Bayan Qagan
shuertas7c,kwillshaw7c@twitter.com,Valday
cpiotrowski7d,vsantus7d@theglobeandmail.com,Huangshi
bmarqyes7e,sbuffey7e@msn.com,Huzhen
jcarvil7f,fmeeron7f@pinterest.com,Huaniao
rmcallen7g,fmcgill7g@cam.ac.uk,Kuala Lumpur
mblasius7h,ahaythorne7h@netvibes.com,Umeå
zbridgestock7i,rblyth7i@state.tx.us,Všestary
sciobotaru7j,jstolberger7j@huffingtonpost.com,Itapevi
dmcskin7k,rpasek7k@yandex.ru,Mingzhong
jgoodlake7l,jmackaig7l@plala.or.jp,Cabinda
gcanwell7m,cbrimmell7m@cnet.com,Hihyā
jmackeller7n,npiatek7n@soup.io,Magarao
amostyn7o,jhasker7o@moonfruit.com,Stara Błotnica
gouterbridge7p,rverna7p@people.com.cn,Roissy Charles-de-Gaulle
dpaunton7q,ggennrich7q@mlb.com,Pospelikha
clambird7r,apaffot7r@theguardian.com,Antonio Toledo Corro
tkirkness7s,canderton7s@hubpages.com,San Francisco
jbromont7t,nveldstra7t@4shared.com,Opol
cbeazley7u,pcancellario7u@twitpic.com,Birigui
lfurley7v,mminot7v@instagram.com,Saratamata
tgavan7w,crosenberg7w@utexas.edu,Sanligang
iwhapples7x,sogaven7x@sbwire.com,Quimper
tpaszek7y,dshegog7y@globo.com,’Unābah
cstoade7z,mjoret7z@wsj.com,Grand Rapids
ccampion80,pbroadwell80@privacy.gov.au,Patalan
afriedank81,csanto81@state.gov,Shawnee Mission
hferrer82,epaolino82@t-online.de,Rendui
dludwell83,cgergus83@cnbc.com,Karangampel
ntaffurelli84,zleaves84@parallels.com,Březová
esille85,aminall85@dropbox.com,At Tibnī
rnuth86,lpionter86@boston.com,Methven
npetricek87,rcaccavari87@biglobe.ne.jp,Estaca
whayles88,wtonna88@imgur.com,Las Palmas
thousiaux89,ndibaudi89@businesswire.com,Skibbereen
sbrendish8a,ccrumpton8a@posterous.com,Tomaszów Lubelski
wcaulfield8b,sferbrache8b@ucla.edu,Komi
tditer8c,adumbare8c@aol.com,Mabini
bchasteau8d,ralberts8d@t-online.de,Lëbushë
molennikov8e,ssilkston8e@usatoday.com,Sainte-Anne-des-Plaines
jrykert8f,whucke8f@pbs.org,Samphanthawong
kbaser8g,aavraham8g@tinyurl.com,Wanquan
brebichon8h,eadamov8h@opera.com,Val-de-Reuil
aduer8i,polunny8i@posterous.com,Villanueva
edobbyn8j,lconnochie8j@businessinsider.com,Mijiang
fgreader8k,jknapman8k@desdev.cn,São Caetano do Sul
goldcroft8l,hpannaman8l@smugmug.com,Chai Badan
bcrisall8m,fgarralts8m@godaddy.com,Bayt Maqdūm
dlamacraft8n,jlissenden8n@posterous.com,Tirtopuro
hfitzroy8o,bboissier8o@netscape.com,Lubichowo
lbinnall8p,krushton8p@jiathis.com,Mlanggeng
bmccrone8q,jwragg8q@princeton.edu,Santi Suk
jvamplew8r,msaket8r@washingtonpost.com,São José dos Pinhais
nmcclounan8s,mbortol8s@globo.com,Yuanping
smasurel8t,eprayer8t@hugedomains.com,Huanggang
dtregenza8u,byorke8u@com.com,Khadyzhensk
oospellissey8v,lbagnold8v@seesaa.net,La Gomera
egalland8w,rradage8w@hhs.gov,Tanggul Wetan
dpigden8x,rmaingot8x@theatlantic.com,Popova
aclitsome8y,amackley8y@typepad.com,Beverwijk
bcaswill8z,keickhoff8z@prweb.com,Ţāqchah Khānah
cbeverstock90,qblakemore90@weibo.com,Oslo
cdollin91,gperris91@com.com,Paldit
kdugdale92,agilhouley92@canalblog.com,Chlói
bpail93,cwaryk93@statcounter.com,Malicboy
cmengue94,bstit94@springer.com,Nunleu
mrekes95,gfitzjohn95@virginia.edu,Hetang
apolet96,dmaruska96@wufoo.com,Santa Venera
koylett97,epearson97@wisc.edu,Esch-sur-Alzette
aabell98,kclaughton98@bandcamp.com,Halteu
tneathway99,lbettesworth99@wix.com,Chengkou
vkener9a,llandman9a@sourceforge.net,Mojogajeh
jbraisby9b,fmoulds9b@imdb.com,Malapaubhara
aflatt9c,cmacaleese9c@hugedomains.com,Sondo
mgavin9d,draynton9d@webnode.com,Iida
lkirrage9e,kferneyhough9e@macromedia.com,Shengli
sdiclaudio9f,tleipold9f@ed.gov,Az̧ Z̧a‘āyin
cfilppetti9g,acasina9g@washingtonpost.com,Timon
smcginny9h,lmquharg9h@yahoo.co.jp,Fushan
dcrocetto9i,cquilligan9i@adobe.com,Krajan Dua Putukrejo
phiddy9j,cgrouvel9j@fastcompany.com,Mithi
mmartinovic9k,chusset9k@51.la,Onomichi
anaulls9l,scrake9l@pagesperso-orange.fr,Seixal
ckropach9m,kmccarrell9m@soundcloud.com,Ashton
pbuxton9n,jbillinge9n@unblog.fr,Tonjongsari
vcarlsson9o,ltapley9o@seattletimes.com,Cikiray
bgasker9p,cferrieri9p@soup.io,Oroquieta
abelhomme9q,hdiiorio9q@abc.net.au,Tempurejo
jstraun9r,ablowen9r@ycombinator.com,Croix
jmissenden9s,rwardhough9s@irs.gov,Wanlongshan
jmacbain9t,bsancraft9t@npr.org,Jishui
uruddiman9u,echarter9u@tinypic.com,Riberalta
rporch9v,estrachan9v@spotify.com,Minsk
rpeter9w,jkiehl9w@amazonaws.com,Esil
sdeevey9x,bmacpake9x@nps.gov,Profítis Ilías
oarling9y,jtour9y@upenn.edu,Ciudad Bolívar
jealles9z,enewnham9z@youtu.be,Baião
sdomenichinia0,cleela0@facebook.com,Gustavsberg
mshoorbrookea1,peastgatea1@reference.com,União
istirlanda2,rsetteringtona2@chicagotribune.com,Lengkongsari
dhoundesomea3,fkinnerka3@mysql.com,Huaqiao
kgodfreya4,acompforta4@yale.edu,Czarna
rbrugdena5,akolusheva5@google.ru,Perehonivka
dscamerdena6,amcnelisa6@youtu.be,Stockton
ttomblesona7,vjellarda7@reference.com,Thanh Chương
aogriffina8,mperesa8@digg.com,Ondores
hferoa9,fhargreavea9@goo.gl,Marne-la-Vallée
cabdeyaa,emattediaa@mit.edu,Karkkila
sodcroftab,wrawstronab@bloglines.com,Salavat
mortzenac,trysomac@scribd.com,Tanjung Kidul
krowesbyad,hrancead@nasa.gov,Simapu
kschonfeldae,wmanvilleae@amazonaws.com,Eslāmābād
pstenningsaf,jpechaf@t.co,Providencia
jsacksag,glangstoneag@microsoft.com,Portelinha
pketchenah,shawlerah@cisco.com,Langxi
dapplegateai,tpenteloai@plala.or.jp,Fenchen
cheinzelaj,cfiorentinoaj@tuttocitta.it,Rosebank
dmossdaleak,lfolgerak@ebay.com,Barra Mansa
kproswellal,gtyrrellal@soup.io,Gorelovo
mkeyzoram,fstudmanam@newyorker.com,Al Fandaqūmīyah
ctatteshallan,kaltreean@woothemes.com,Akune
vswendellao,dkrysztofiakao@sfgate.com,East Migpulao
yruprechtap,ckelleyap@cisco.com,Al Manqaf
ntattooaq,nwreakesaq@spotify.com,Lurugan
khabronar,plutherar@nydailynews.com,Capanema
jcripleas,bmahargas@sun.com,Bilice
hmcgivenat,gtheobaldat@globo.com,Curug
eyankishinau,ecaghyau@jalbum.net,Samagaltay
kcolpusav,lgoodfellowav@fema.gov,Dajin
btukesbyaw,thelversenaw@google.co.uk,Jefferson City
kwiszniewskiax,kkenwardax@soup.io,Rączna
joleninay,rbamlettay@wix.com,Changzhi
tdankovaz,tbernettiaz@bloomberg.com,Mayrtup
hdrissellb0,cmackaigb0@huffingtonpost.com,Phimai
aivanyukovb1,mjoncicb1@home.pl,West End
arothschildb2,igrigorkinb2@berkeley.edu,Gaokan
mclohessyb3,plemmerb3@shop-pro.jp,Paris 16
sedonb4,erablenb4@ucoz.ru,Chaoyang
ewisniewskib5,rtorricellab5@qq.com,Zheleznogorsk-Ilimskiy
ofoxonb6,dsmeeb6@statcounter.com,Tangwāni
bsloanb7,kfibbensb7@youtu.be,Sanshui
frudlandb8,rjaramb8@amazon.co.uk,Juzhen
cpadghamb9,tfairheadb9@dmoz.org,Gugark’
ccalderwoodba,eadrienneba@dailymotion.com,Camilo Aldao
nbarusbb,mbrokbb@who.int,Ochojno
rdransfieldbc,dphilsonbc@amazon.de,Tiguha
dgettensbd,smckirtonbd@google.com.hk,Sintra
tgarthsidebe,rvandenoordbe@google.nl,San-Pédro
rferrynbf,sdyzartbf@live.com,Paris La Défense
msedgemondbg,lgrandbg@github.io,Meringkik
hdesortsbh,tlangmanbh@slideshare.net,Staroshcherbinovskaya
rdumbarbi,ntynanbi@jiathis.com,Rivesaltes
ehackinbj,tmowenbj@joomla.org,Shagedu
dmichaelbk,driddockbk@craigslist.org,Guozhen
cbenzbl,jgoodletbl@booking.com,Pul-e Sangī
agowbm,jblackettbm@sogou.com,Loakulu
schapelhowbn,mstrangwoodbn@sakura.ne.jp,Curahkalak Tengah
gtwiggerbo,ntruswellbo@google.com.au,Las Heras
nmckennabp,sdodgshunbp@ed.gov,Port Colborne
apignybq,obattabeebq@histats.com,Zaozhuang
chuddybr,hvolantebr@qq.com,Koltushi
mbardenbs,martrickbs@aol.com,Solna
cjohnstonbt,bblackfordbt@so-net.ne.jp,Kinel’-Cherkassy
lmapledorambu,vdanelutbu@tumblr.com,San Pedro Apartado
csmithendbv,sdunsmorebv@so-net.ne.jp,Perstorp
yvernebw,clamondbw@cyberchimps.com,Minneapolis
awinslowbx,jmoulsonbx@disqus.com,Reshetnikovo
prosenbuschby,wgaunsonby@free.fr,Ōyama
ssallowayebz,pprettjohnbz@issuu.com,Ngrowo
kbolandc0,gmannoochc0@sakura.ne.jp,Aix-en-Provence
eweatherdonc1,mmatushevichc1@51.la,Vrdy
tjaquinc2,kaddlestonec2@samsung.com,Siay
tlelievrec3,pflintc3@bloomberg.com,Dao
twalaronc4,kruoffc4@sun.com,Pyšely
mbetzc5,areckhousec5@hp.com,Cincinnati
vbrissardc6,vboltwoodc6@sitemeter.com,Pangligaran
gespinalc7,galbrightonc7@techcrunch.com,Paris 15
btapec8,pfilesc8@ifeng.com,Frederiksberg
blovewellc9,dloudenc9@unblog.fr,Bugembe
ddudderidgeca,jalpeca@un.org,Reforma
athorneleycb,kwharramcb@techcrunch.com,Tisma
jtetthercc,lbecceracc@businessweek.com,Sukamaju
hflintuffcd,eandreevcd@mapquest.com,Fullerton
pspavence,mebbottsce@reddit.com,Sacramento
rbidewelcf,tabramofcf@guardian.co.uk,Jastrzębia
gsawfordcg,mdunstancg@cargocollective.com,São Domingos
eletixierch,jmustinch@csmonitor.com,Neuilly-sur-Marne
sbottermanci,cdundredgeci@merriam-webster.com,Pangawaren
ashakesbyecj,msurmoncj@exblog.jp,Musan-ŭp
jstureck,vsturchck@hibu.com,Koua
nbrickstockcl,cshearmancl@seesaa.net,Almenara
brisbycm,tsaenzcm@vistaprint.com,Baoshan
cpomfreycn,cmccaugheycn@reverbnation.com,Hougang
mbartletco,navrasinco@cnn.com,Tanahmerah
ocasoncp,devittcp@hugedomains.com,Jinchang
npaskellcq,cwhitfieldcq@nps.gov,San Patricio
cmullineuxcr,kbotecr@4shared.com,Nor Yerznka
mgoldupcs,phuffercs@imgur.com,Kigoma
jtranmerct,cgraalmansct@lycos.com,Nkandla
iyakunkincu,preolfocu@tamu.edu,Gelatik
rsaingcv,gmacgilpatrickcv@hugedomains.com,Leskolovo
mmathiecw,gscroobycw@seattletimes.com,Reshui
asylettcx,mmundencx@businesswire.com,Yong’an
lwolseycy,mgolighercy@fda.gov,Qozonketkan
mmanuellocz,aizzatcz@arizona.edu,Grygov
agunbied0,twildberd0@eventbrite.com,Casal da Anja
dbruneld1,dgillyattd1@youtu.be,Mlangali
santonescud2,fpetitd2@jigsy.com,Henglin
telwind3,alesurfd3@vistaprint.com,Zhiqu
fmacvayd4,plorentzend4@hatena.ne.jp,Shashemenē
lferied5,ctabnerd5@intel.com,Wangchang
nespinheirad6,tdybaldd6@myspace.com,Ocumare de la Costa
slawsd7,lhanfreyd7@independent.co.uk,Norrköping
emeeksd8,rlavalld8@fastcompany.com,Balykchy
cwilsteadd9,tdubsd9@senate.gov,Dodol
iscawnda,mbloysda@patch.com,Sindangjati
mbacherdb,bsimnelldb@altervista.org,Kaduluhur
vstallondc,bmulberydc@newsvine.com,Jieheshi
rmaylourdd,tpontingdd@cargocollective.com,Labuhanlalar
aburdisde,jmayoude@princeton.edu,Seattle
pwhettondf,cvallancedf@irs.gov,Alta
jwareingdg,dhimsworthdg@google.es,Cungking
npleadendh,ntripeandh@bizjournals.com,Sapucaia
jjaycocksdi,hachesondi@delicious.com,Lisewo Malborskie
fsafontdj,nhassalldj@cisco.com,Bridgewater
dastmandk,kmcginnisdk@blogtalkradio.com,Zuhu
cdurnodl,tmaystondl@wordpress.com,Anibare
rtantrumdm,aunderhilldm@blogs.com,Huangtukuang
dmacgillicuddydn,bgaydondn@sbwire.com,‘Afrīn
briccardido,dhardwelldo@shinystat.com,Gaoyan
adelahaydp,jvaggsdp@about.com,Pocrí
toverlanddq,scratchleydq@vinaora.com,Slobodka
btamasdr,esparkedr@bloglovin.com,Morelos
bmccallisterds,ogunnerds@goo.ne.jp,Dosso
nemanulssondt,awalthewdt@npr.org,Olesno
cclarsondu,lwinchdu@weather.com,Chaowai
ybirkbydv,lrowstondv@china.com.cn,Cheping
kpresdiedw,mwebborndw@europa.eu,Paris 15
abuskedx,cnadendx@samsung.com,Jayanca
abalaisondy,jkondratdy@nationalgeographic.com,Nīkêh
jpandiedz,ayearbydz@dropbox.com,El Cairo
afearfulle0,zerswelle0@springer.com,Santol
dbearblocke1,yshackletone1@craigslist.org,Baranoa
gkobkee2,gskulle2@ftc.gov,Criuleni
hhenriete3,magirree3@digg.com,Heyu
jcaramusciae4,cmcgintye4@jigsy.com,Guling
qalbissere5,khallame5@biblegateway.com,Arwād
lchastele6,iferroe6@howstuffworks.com,Tortosendo
mliepmanne7,onoare7@homestead.com,Al Fashn
hbondse8,dsambedgee8@oracle.com,La Loma
jmetzkee9,gtyerse9@wikimedia.org,Salantai
jblackebyea,myoudellea@sourceforge.net,Jiulong
mviciosoeb,dpolleeb@desdev.cn,Bueng Kan
dbrookec,mdrewec@wix.com,Jadowniki Mokre
hibleed,fkiddeed@patch.com,Wangqu
cdewesee,oratledgeee@ucla.edu,Mariental
sdivveref,mdillewayef@is.gd,Stockholm
mpetrashkoveg,gbricknelleg@tiny.cc,Saint-Quentin-en-Yvelines
rspontoneh,cleyburneh@state.tx.us,Maramag
pmelanei,dblucherei@amazon.com,Al ‘Anān
lackermanej,fmabbotej@squidoo.com,Huaidao
rpalekek,emildenhallek@reference.com,Courtaboeuf
mporkerel,kduferel@admin.ch,Kamenica
iirdaleem,wearlyem@jigsy.com,Korydallós
jchateloten,bbenzieen@scribd.com,Khu Khan
lveroeo,bsearleeo@indiatimes.com,Cirateun
ckindleep,smacartneyep@sfgate.com,Kalamáta
sstalleyeq,tcettelleq@dot.gov,Heichengzi
afairmaner,jboiker@apache.org,Chengshan
msplevinges,ehehnkees@live.com,Eirado
baverallet,vmackeiget@twitter.com,Xinchengzi
idoneu,bpowdereu@smugmug.com,Gondifelos
hcolegroveev,fmcaveyev@jigsy.com,Tanghu
bdacheyew,apaffittew@paginegialle.it,Lancaster
bbouslerex,mattawayex@oracle.com,Malasugui
rcanepeey,llinckeey@senate.gov,Shigu
vennorez,mcrosettiez@imageshack.us,Slovenj Gradec
cduplockf0,ccussinsf0@mlb.com,Janeng
bparradicef1,pwolstenholmef1@yellowpages.com,Xiqi
ocellonef2,mamysf2@networksolutions.com,Ludbreg
cperschkef3,istriblingf3@economist.com,Panan
kwhyef4,ytuxillf4@admin.ch,Cruzeiro do Oeste
mrawllf5,btatfordf5@princeton.edu,Sumbergedong
eberringerf6,rheinshf6@nymag.com,Kalayemule
kbondyf7,hwynchf7@networksolutions.com,Mramani
gjarradf8,bstaresmearef8@themeforest.net,Vila Viçosa
aprestwichf9,gantrobusf9@comcast.net,Guadalupe
blowndesfa,wmcghiefa@marketwatch.com,Longvic
kmountfortfb,lpegdenfb@jimdo.com,El Potrero
icoarserfc,glatchfc@vinaora.com,Chemnitz
hchartfd,jlangerfd@yahoo.com,Huyang
ggaddesbyfe,sjeenesfe@dropbox.com,Strzelce Krajeńskie
askeermorff,bmunkleyff@intel.com,Tandag
eoverillfg,cculloteyfg@youtube.com,Gushan
gannettfh,mbootonfh@tinypic.com,Padre Paraíso
athingfi,atredgerfi@canalblog.com,Taiobeiras
mbrumwellfj,cloverockfj@uiuc.edu,Rudy
lbattlesonfk,nwetternfk@marriott.com,Harhorin
tdrohunfl,ntilberryfl@miitbeian.gov.cn,Eirado
tbumpasfm,nklementfm@discuz.net,Oropós
jsofffn,ojemmettfn@skyrock.com,Lae
lboutellfo,ehirthefo@issuu.com,Kisarawe
lmcguinessfp,bverginefp@storify.com,Al Qābil
farmourfq,mashelfordfq@tuttocitta.it,Rio Piracicaba
jgatclifffr,zseagarfr@purevolume.com,Catriel
llewseyfs,lminorsfs@wikia.com,Văn Điển
skochlft,achasteneyft@admin.ch,Amsterdam-Oost
ccashmorefu,rwolfordfu@friendfeed.com,Calamba
smateosfv,bpizziefv@howstuffworks.com,Gentilly
jandreaccifw,jnapierfw@hexun.com,Shar’ya
kmcwilliamfx,ctreadgearfx@google.cn,Káto Glikóvrisi
ksapautonfy,aglassonfy@psu.edu,Enhe Hada
rbadrickfz,lharriotfz@behance.net,Bogi
lborrellg0,aortzeng0@stanford.edu,Nsanje
dphilipsg1,cbarberag1@webs.com,Yanzhou
awalchg2,kriching2@prlog.org,Wijewo
rellicockg3,lkinnarg3@wikimedia.org,Banhā
mmoehleg4,idrewryg4@trellian.com,Nagai
jpagettg5,jbasezzig5@hao123.com,Karangboyo
mpenberthyg6,ejozwickig6@g.co,Comandante Fontana
horonang7,mdrysdellg7@amazon.co.uk,Ikhtiman
rpalphreymang8,ilabbetg8@seattletimes.com,Porto Real
kcorring9,vrufg9@cmu.edu,Kongolo
bgiffkinsga,vblabeyga@joomla.org,Marcabamba
zbreedgb,rchampiongb@apple.com,Querocotillo
tcochetgc,rwestmorelandgc@domainmarket.com,Sambongmulyo
kdovingtongd,eblakewaygd@cafepress.com,Libas
dgwalterge,gfollige@ox.ac.uk,Mirandela
hdolegf,lsilbersakgf@samsung.com,‘Awaj
kfretwellgg,kmoirgg@nytimes.com,Xiaping
hlowesgh,probertetgh@netscape.com,Piritiba
vbuckamgi,rmagsongi@cdbaby.com,Nyandoma
rscatchargj,kpeoplesgj@who.int,Tolú
tbeaversgk,ckasmangk@com.com,Manicahan
ahelwiggl,kqueyosgl@comcast.net,Luleå
rromanskigm,bchapelhowgm@scribd.com,Villeneuve-la-Garenne
tyushmanovgn,zgatherergn@lycos.com,Saint-Lambert-de-Lauzon
lbothengo,cdymidowiczgo@blogs.com,Wotan
rnekrewsgp,ablowingp@blogger.com,Ozatlán
amcvronegq,lsanbrookgq@mapquest.com,Qinling Jieban
ggentnergr,wdurwardgr@china.com.cn,Oelui
rwitterickgs,mpeags@uol.com.br,Shchëkino
coxtebygt,slynasgt@indiatimes.com,Necochea
gkelchergu,inelthorpgu@ask.com,Curahklapa
aprestiegv,rmarinigv@goo.ne.jp,Içara
lmacmeanmagw,dbrierlygw@army.mil,Buurhakaba
rwynessgx,dceneygx@zimbio.com,Qiaodong
iavengy,dhamsongy@google.com.au,Ziftá
dthrippgz,mhimpsongz@geocities.com,Szeged
chelliarh0,bfeldmanh0@wikia.com,At Samat
spretselh1,wkivelhanh1@weebly.com,Qingliu
mvaseninh2,cbowryh2@deliciousdays.com,Farroupilha
legarh3,skingtonh3@aboutads.info,Tigil’
rkegginh4,ccoieh4@printfriendly.com,Baipenzhu
bsalisburyh5,asangerh5@google.pl,Rudong
btofanoh6,ckelbermanh6@dropbox.com,Desa Gegempalan
kattrilh7,kholhouseh7@vimeo.com,Bulumulyo
chubberh8,dglantzh8@abc.net.au,Killorglin
egerckensh9,bloxtonh9@virginia.edu,Batiovo
fjusthamha,ssunshineha@prweb.com,Black River
nmatulahb,bwillingamhb@economist.com,Porangaba
zricardshc,lmeriotthc@opera.com,Bailizhou
smccafferyhd,yosannehd@twitpic.com,Qingyun
sberkhe,rbrounfieldhe@yolasite.com,Kuantan
cdavidshf,ffifoothf@soundcloud.com,Zhuozishan
emcphatehg,aplosehg@un.org,Tisul’
rcattowhh,ibinninghh@spiegel.de,Rechka
rbacksonhi,aruzickahi@vimeo.com,Chichigalpa
jcawthornhj,msmailshj@opensource.org,Malaḩ
wjakelhk,edearlhk@tuttocitta.it,Gaocun
auphillhl,jrowstonhl@chicagotribune.com,Blois
gtonnahm,acamiliohm@youku.com,Mechrá Belqsiri
skibbeyhn,chamlenhn@amazon.co.jp,Shuanghejiedao
carundelho,gklimczakho@microsoft.com,Mirošov
gcapstaffhp,ctrynorhp@rambler.ru,Borzna
jisgatehq,csimonazzihq@typepad.com,Kadubera
sjansahr,rcluatthr@dion.ne.jp,Likhoy
ysyphushs,teslemonths@irs.gov,La Unión
acleughht,kmeldinght@tinypic.com,Stockholm
kgermonhu,fbarkwayhu@businesswire.com,Svilengrad
rmuttitthv,dtheunissenhv@chron.com,Angered
lcumpstyhw,bphilotthw@e-recht24.de,El Peñol
kruckledgehx,khenzerhx@google.de,Pitumarca
afolomkinhy,eferaghhy@moonfruit.com,Sok Kwu Wan
leimhz,mjacobsenhz@biblegateway.com,Tangfang
nbenbricki0,sevansi0@weebly.com,Cabalawan
kchareri1,eprogeri1@hubpages.com,Elverum
bthirsti2,jtesmondi2@hp.com,Rudnogorsk
oconichiei3,lquakleyi3@twitpic.com,Bunisari
ncamidgei4,jambergeri4@icio.us,Pameče
wcossemi5,telderi5@dailymail.co.uk,Piojó
pmathysi6,flamputti6@addthis.com,Mithi
pgautreyi7,orogeroni7@dailymotion.com,Puszczykowo
crunciemani8,ncharki8@facebook.com,Dmitriyevskaya
smarquissi9,bsturmeyi9@blinklist.com,Dongdu
dhercockia,boldia@meetup.com,Xamtay
aillyesib,egoodieib@harvard.edu,Orekhovo-Zuyevo
wrodenic,jjiroutkaic@ucoz.com,Nansheng
cmcgilbonid,vandrolettiid@mozilla.org,Stapleford
mbroadeyie,slarrieie@vinaora.com,Manolás
hschukraftif,cstranieroif@cdbaby.com,Sumberngerjat
mlambdonig,bbehaggig@dmoz.org,Prilep
sfrowenih,mpeschetih@bandcamp.com,Huanfeng
mtweedeii,clabdenii@upenn.edu,Belozërskoye
daceyij,elagneauxij@thetimes.co.uk,Ostružnica
spellattik,caleavyik@edublogs.org,Hvar
djirickail,fbuttersil@rakuten.co.jp,Lianhua
ldwellingim,fburlingim@deviantart.com,Pérez
kphillimorein,hmatusevichin@twitter.com,Thị Trấn Nguyên Bình
rhallaganio,bpatilloio@ed.gov,Xinshancun
datwoolip,bweinhamip@infoseek.co.jp,Huadian
atosdeviniq,aikiniq@sfgate.com,Wangshi
obrownsallir,lkitleyir@flavors.me,Khotsimsk
elightbodyis,cjordenis@drupal.org,Cungking
erowlandit,nbalfeit@wisc.edu,Eindhoven
jlumsdaineiu,uroddeniu@youtube.com,Jacupiranga
bbreznoviciv,ballabushiv@chicagotribune.com,Tucupido
pkobierzyckiiw,rwildgooseiw@csmonitor.com,Ingenio La Esperanza
krackleyix,jculshewix@aboutads.info,San Pedro
jpaxfordeiy,ycheckettsiy@nbcnews.com,Jiuzihe
cshankiz,dburfittiz@miitbeian.gov.cn,Chenji
tlabromj0,rleijsj0@ebay.co.uk,Kohlu
gpicoppj1,kcopplestonej1@list-manage.com,Beisijiazi
gwilkinj2,wcuckooj2@yellowpages.com,Markaz-e Ḩukūmat-e Darwēshān
ldenajeraj3,emckeownj3@wordpress.org,Dawang
pdanisj4,hkelfj4@unblog.fr,Kyurdarmir
esmeedj5,cbohillsj5@foxnews.com,Qiziltepa Shahri
nblondelj6,aarchbellj6@va.gov,Shiqiao
smountneyj7,bivushkinj7@telegraph.co.uk,Suisan
dbresnerj8,spittendreighj8@jiathis.com,Vaudreuil-Dorion
elogesdalej9,rbellochj9@epa.gov,Olonets
nescolmeja,gbaudinellija@unc.edu,Ube
wshermorejb,mharwickjb@prlog.org,Almirante
haikmanjc,aconeaujc@ocn.ne.jp,Koceljeva
jarmigerjd,bbourgesjd@cloudflare.com,Igurubi
lcarlillje,wsafellje@yellowbook.com,Lezhu
tmanktelowjf,hbradfieldjf@1688.com,Tangwu
bdekeyserjg,wfilippovjg@mac.com,Klagenfurt am Wörthersee
jmallatrattjh,kkiesseljh@ebay.co.uk,Uppsala
mfettisji,rgableji@moonfruit.com,Göteborg
hcandyjj,rpopeleyjj@usgs.gov,Tršić
dcancellorjk,bgrealeyjk@multiply.com,Bechlín
gbrimblejl,lmckennanjl@amazon.co.uk,Villa Santa Rita
mmcgiffinjm,cbottlestonejm@bluehost.com,Okinawa
glowlesjn,rgymlettjn@mit.edu,Perugia
ededomenicisjo,atolanjo@mapy.cz,Guling
mcapplemanjp,yemilienjp@topsy.com,Gbarnga
jchapelhowjq,cbarockjq@reference.com,Jianshe
rwinsleyjr,gwarrickerjr@google.co.jp,Agbani
smacanelleyjs,jcarlojs@w3.org,Būrewāla
ccolljt,smcmillamjt@google.pl,Umeå
goglesju,astientonju@hugedomains.com,Karasgede
dbedsonjv,abibbiejv@webs.com,Xike
ecoochjw,cgouldiejw@imageshack.us,Evansville
sbaldacchijx,ocodmanjx@about.com,Baratleke
bbramhilljy,ztoombsjy@netscape.com,Shixi
clyptradejz,gclausenthuejz@blinklist.com,Fraga
jrileyk0,fcurrmk0@blinklist.com,Shanghudi
bbrockmank1,gdrewcliftonk1@cam.ac.uk,Tembisa
rhouchenk2,chouldink2@mozilla.org,Helsingborg
gsalernok3,fsweetlovek3@cdc.gov,Bayside
kbarshamk4,tmalingk4@liveinternet.ru,Maciejowice
kesselink5,ksteanek5@businessweek.com,Cikadu
ggravellsk6,jcovolinik6@gravatar.com,Zhangfeng
ksargeantk7,cchickenk7@cloudflare.com,Piekoszów
rhymask8,eedgeworthk8@mapy.cz,Khrebtovaya
dtimoneyk9,idrysdalek9@storify.com,Russeifa
stiuitka,gsweeneyka@behance.net,Basey
apictonkb,edurakkb@diigo.com,Longqiao
lalderskc,plabrowkc@friendfeed.com,Nichinan
slenthallkd,jhempelkd@netvibes.com,Aguazul
eharlickke,sglayzerke@newyorker.com,Wyszogród
kharnettykf,gcapronkf@dion.ne.jp,Varva
lshakesbyekg,eceschikg@discuz.net,Saint-Maur-des-Fossés
kmitchensonkh,ecicchinellikh@ibm.com,North Shore
kmacfaellki,tklemenzki@ebay.co.uk,Tillabéri
lhemphallkj,abrugmankj@nymag.com,Songzhuang
jheibelkk,bmarrisonkk@wunderground.com,Jixiang
ckabschkl,dcoldrickkl@weebly.com,Shazhouba
ajeskinskm,ttillskm@nydailynews.com,Matang
rschellekn,tmaniskn@ocn.ne.jp,Toong
pmeynellko,vmehaffeyko@blogs.com,Bakov nad Jizerou
tbyrthkp,alambregtskp@sohu.com,Baozhu
sbellringerkq,flountkq@parallels.com,João Pessoa
hhusterkr,tperettkr@opera.com,Jawornik
ddechastelainks,kmaccaigks@rambler.ru,Busia
bmatterfacekt,mwasmerkt@wisc.edu,Iiyama
qhirschmannku,emeddemmenku@godaddy.com,Paripiranga
focarrolkv,icarbinekv@dot.gov,Zhishan
jstopperkw,chemphreykw@cocolog-nifty.com,Krajan Tanjungrejo
bsiehardkx,fcarlssonkx@alibaba.com,Yeliguan
mmillwardky,bdiggesky@jugem.jp,Larvik
gtaborrekz,glavignekz@blogger.com,Kermānshāh
dswyersexeyl0,dstackl0@goo.gl,Foluo
phanneyl1,ddealtryl1@uiuc.edu,Xiadu
ckissl2,erutledgel2@reuters.com,Apoya
bdenkell3,ebuggl3@gnu.org,Yuping
aadamil4,dchaiml4@uiuc.edu,Paciran
smadgewickl5,ecorrol5@tuttocitta.it,Jiusi
gmcelreel6,eslimonl6@yahoo.co.jp,Luoshan
nashl7,jmoranl7@cargocollective.com,Richmond
gsuerol8,hdeyl8@php.net,Santa Lucia
hearengeyl9,bdeschellel9@t-online.de,Frontignan
glempennyla,cdickinla@kickstarter.com,Anju
traffinlb,jhanfordlb@chron.com,Vanimo
lkinkaidlc,fsatchelllc@nytimes.com,Qiqian
mfennickld,znowakowskald@un.org,Buenos Aires
qgoreyle,ksalackle@blogs.com,Siay
flambielf,hisardlf@icio.us,Parchal
skermanlg,jormstonlg@archive.org,Petaling Jaya
jpieterlh,sdodgelh@blogtalkradio.com,Chillia
cforbearli,acriginli@alibaba.com,Al Lagowa
edolohuntylj,htarrlj@nifty.com,Prachatice
rshilvocklk,jtomasilk@arstechnica.com,Bykhaw
cmicheaull,asausmanll@apache.org,Huanghua
aiorilm,amclainelm@theatlantic.com,Verkhneye Kazanishche
escuttln,vlauthianln@bbc.co.uk,Nechanice
gdriscolllo,kyanyshevlo@instagram.com,Vincennes
pdimitrielp,rsealeylp@utexas.edu,El Paso
krogierlq,iblenkinsoplq@marketwatch.com,Mingshuihe
dmelvinlr,ahacaudlr@topsy.com,Yablonovskiy
anoonls,apeytonls@netscape.com,Kissónerga
cmatyukonlt,rstquintinlt@marketwatch.com,Petrivka
rmorbylu,tcollylu@posterous.com,Devin
friddlerlv,pbleibaumlv@theguardian.com,Nereta
klillimanlw,tjelphslw@shutterfly.com,Gennevilliers
wgarrattleylx,sgaveltonelx@newsvine.com,La Roche-sur-Yon
sspurgeonly,hfullertonly@storify.com,Sijing
horumlz,dwetheraldlz@dmoz.org,Hořice
kpaffotm0,rlandallm0@ycombinator.com,Hongqi
aaventm1,hdudgeonm1@abc.net.au,Girihieum
rtwiddellm2,hsoanem2@nba.com,Philadelphia
mbernholtm3,dduligallm3@yellowpages.com,Balung Barat
jgogginm4,esillem4@unc.edu,São Vicente
lstearleym5,rdefontm5@behance.net,Chinú
cbarreaum6,ekrierm6@163.com,Sabangan
arossantm7,eruppelm7@topsy.com,Mehrān
mbalwinm8,akinchleym8@netlog.com,Athy
cheinm9,pdunnawaym9@hud.gov,Zungeru
rmurrellsma,jgonoudema@issuu.com,Xiaba
apigdenmb,lclyntermb@example.com,Lubomierz
bfantonettimc,ocastelluccimc@dagondesign.com,Quận Bốn
jboetermd,lpreshomd@dropbox.com,Jinggan
tmarwickme,mstanmerme@va.gov,Semarang
obeaufoymf,ctoplismf@deliciousdays.com,Obrera
sclawsleymg,dbrumptonmg@cam.ac.uk,Bentar Girang
tjedrysikmh,mjagiellomh@princeton.edu,Białośliwie
llandmanmi,rjerdeinmi@about.com,Ampanihy
ptebbmj,hstaintonskinnmj@msu.edu,Gandra
hobertmk,wcreasermk@netvibes.com,União da Vitória
sdotsonml,wgreenroadml@phoca.cz,Boa Esperança
apetticanmm,dmacellarmm@nymag.com,Madalena do Mar
mberickmn,cmarcqmn@google.nl,Tremembé
ltrailmo,csnoxellmo@ox.ac.uk,Akhtarīn
aphilipponmp,sdickingsmp@weibo.com,Mamburao
rgoardmq,zampsmq@yale.edu,Nelson
ghanmermr,aetchellsmr@gravatar.com,Vostryakovo
nswinfonms,bcolliholems@adobe.com,Lojigawaran
rcayleymt,jshilburnemt@posterous.com,Béthune
hwarstallmu,cpolgreenmu@nature.com,Villejuif
clomasmv,nmorchmv@dyndns.org,Media Luna
rhaycroftmw,acoventrymw@gnu.org,Motupe
ugrainmx,cskymmx@slideshare.net,Baleber
kporkermy,apodburymy@indiatimes.com,Japeri
mchislettmz,gwimbridgemz@prlog.org,Póvoa
ctryhornn0,mfilyukovn0@oakley.com,Curuzú Cuatiá
bclaragen1,lkeamn1@xing.com,Ayolas
gputtickn2,rofarrelln2@delicious.com,Niquelândia
ltottn3,bgrisleyn3@so-net.ne.jp,Minsk
ldingleyn4,mwhooleyn4@sohu.com,Albacete
rweedenburgn5,cmongainn5@europa.eu,Guimbal
jpollokn6,dthatchamn6@wp.com,Jalalaqsi
jkrollmann7,aflegn7@digg.com,Vesëlyy
hloddonn8,fmorden8@slate.com,Fort Dauphin
sbassinghamn9,mvalettn9@dyndns.org,Narukan
zsalackna,jpoytressna@pinterest.com,Kyzyl-Oktyabr’skiy
clingardnb,sspinagenb@cbslocal.com,Jianjiang
lpentonync,cdegoeync@printfriendly.com,Dongbian
hfranktonnd,rsummertonnd@clickbank.net,Wang Hin
adunningne,cgotthardsfne@yahoo.com,Santa Cruz Cabrália
hhullandnf,nwhittlesnf@smh.com.au,Dete
gvibertng,hguthersonng@washington.edu,Valencia
oorgennh,xraynhamnh@blogspot.com,Ordzhonikidze
vkennawayni,mscamerdenni@miibeian.gov.cn,Freguesia do Ribeirao da Ilha
acrumbleholmenj,egarwillnj@altervista.org,Guocun
cgillicuddynk,lfarlanenk@eepurl.com,Al Ma‘baţlī
afilippuccinl,rslowcocknl@un.org,Taipinghu
nslanynm,cdittynm@mlb.com,Sukabumi
jfriarynn,dglencrossnn@sphinn.com,Niš
cbalmano,ahindhaughno@ucla.edu,Itsandra
rwesthoffnp,keminsonnp@guardian.co.uk,Nowy Dwór Mazowiecki
bcawsenq,kguideranq@google.ru,Bayshint
mdmytryknr,rmeriotnr@twitter.com,Valinhos
fcollisterns,bpetranns@1und1.de,Chernoyerkovskaya
tlutennt,bpencostnt@sina.com.cn,Tanay
aakastnu,cbrisconu@storify.com,Kępice
obraffertonnv,grussonnv@aboutads.info,Haguimit
jdanellnw,gpoornw@artisteer.com,Ust’-Kachka
bcornunx,chundeynx@dion.ne.jp,Jinlong
ytineny,asibbetny@biglobe.ne.jp,Mirotice
qkelsownz,tcamossonz@abc.net.au,Atamyrat
egrinhamo0,kfillero0@topsy.com,La Virtud
ahallawayso1,lberthouloumeo1@ustream.tv,Gimbi
pwerretto2,bdufauro2@go.com,Pueblo Nuevo
emessinghamo3,vserriso3@bigcartel.com,Kwekwe
vhansillo4,hheinlo4@yellowpages.com,Murfreesboro
strayleno5,rsinnieo5@dell.com,Bingerville
mwaddinghamo6,bgresero6@rambler.ru,Pigcawayan
lbroseniuso7,tcantrello7@rakuten.co.jp,Tomigusuku
edomoneyo8,rbeatsono8@ftc.gov,Pereira
gauselloo9,vfrankiso9@bing.com,Heřmanova Huť
bnesbethoa,jtippleoa@unicef.org,Kanshi
adeguiseob,jkemob@aboutads.info,Tuhe
clehrmannoc,rperotoc@ustream.tv,Revava
shirjakod,bbrennenstuhlod@hostgator.com,Baratleke
mwildoe,iswattenoe@merriam-webster.com,Motala
elowndsboroughof,msolanoof@diigo.com,Nanhai
beyeingtonog,pbrunrothog@ucoz.ru,Būrabay
asweedlandoh,cgawthropoh@alibaba.com,Erie
gsibbornoi,cniesingoi@foxnews.com,Dobruševo
tsanciasoj,caveyardoj@virginia.edu,Nikolo-Pavlovskoye
gsprowellok,lmonteauxok@pinterest.com,Al Muharraq
sbouzekol,amorefieldol@walmart.com,Bunog
bbusfieldom,mlearoydeom@miitbeian.gov.cn,Rivas
ballmondon,lprobeyon@bing.com,Emiliano Zapata
jmolyneuxoo,sstpauloo@yahoo.co.jp,Tanjungagung
cramsayop,afeldonop@mapquest.com,Balbalan
htorresioq,clevingsoq@narod.ru,Sandwīp
rbasinigazzior,bgreenleafor@yahoo.co.jp,Sirnasari
spaikos,tvermeros@amazon.co.jp,Kuttu
sraysdaleot,jcaveauot@paypal.com,Novocherkassk
jbenittiou,aalldredou@yellowbook.com,Ar Rudayyif
dbonnarov,gcosensov@un.org,Sorol
zangoodow,fvaniniow@mail.ru,Al Bājūr
imccaughanox,zgoodswenox@baidu.com,Baishi
rshooteroy,lburburyoy@hexun.com,Shiquan
hhallfordoz,dvansonoz@parallels.com,Manola
nwaghornp0,uhannerp0@ihg.com,Provo
akarlolczakp1,cdmiterkop1@imageshack.us,Bertioga
bklaiserp2,lstummeyerp2@google.com,Beitou
ytoquetp3,dpittsonp3@prweb.com,Nogueira do Cravo
mfrancep4,rkilkennyp4@unblog.fr,Bhiria
hrosp5,fpadberyp5@tiny.cc,Sagay
bingrep6,heallisp6@networksolutions.com,Bweyogerere
shurrionp7,msandesp7@timesonline.co.uk,Nemuro
ttopp8,fkidderp8@google.de,Anserma
pkimbroughp9,rarnholdp9@oakley.com,Hamburg Sankt Pauli
dgwilliampa,agroddenpa@technorati.com,Segoro
lmcclevertypb,wlevanepb@ehow.com,Ryazanskiy
sflightpc,mschofflerpc@dion.ne.jp,Calapan
ablameypd,mzavatteropd@youku.com,Dibulla
lhindmorepe,bbethellpe@ucla.edu,San José Poaquil
sruospf,gadrianellopf@paginegialle.it,Zhangjiafang
eatrillpg,sfrewerpg@ebay.com,Nida
swentworthph,gsumptonph@wsj.com,Oklahoma City
fbullinpi,lsapsfordpi@elpais.com,San Vicente
dcuzenpj,chammonpj@ustream.tv,Moncada
ainglespk,jklimushevpk@free.fr,Waina
qfauschpl,rlymbournepl@indiegogo.com,Largo
tkirkbridepm,lmaccarrickpm@histats.com,Tekik Wetan
shovypn,wduffpn@cdbaby.com,Nakhon Pathom
ahuskissonpo,nhincepo@lycos.com,El Paraíso
vsouthgatepp,mramaspp@discovery.com,Brzeszcze
avalentinpq,lvialspq@sciencedirect.com,Šentilj v Slov. Goricah
emcglaughnpr,nelsoppr@yahoo.com,Tuxi
gobispops,vteeceps@guardian.co.uk,Saubara
gclowleypt,ayakubovpt@huffingtonpost.com,Buenavista
jendriccipu,csevernpu@myspace.com,Binitinan
lyoxallpv,bbottlestonepv@archive.org,Caijiang
eprisleypw,mhowtonpw@bluehost.com,Jeruk
mlangerenpx,astormouthpx@cbsnews.com,Kilju
shavelinpy,rbrodestpy@blogs.com,Lasi Dua
lgommepz,sbainpz@walmart.com,Raciążek
broskillyq0,fdeavilleq0@salon.com,Panzhuang
myellq1,lurianq1@whitehouse.gov,Ierápetra
rirnysq2,nfonteq2@geocities.jp,Simão Dias
dwillingamq3,dsprowleq3@state.gov,Bandeirantes
dkillfordq4,hklaggesq4@facebook.com,Eg
gscotchmerq5,kforstallq5@mlb.com,Ait Ali
jgeneryq6,vhawtryq6@bluehost.com,Um Jar Al Gharbiyya
mcroomeq7,nhadwinq7@over-blog.com,Starokorsunskaya
nabatelliq8,mkewardq8@ft.com,Fūman
jpleasanceq9,tcaukillq9@reddit.com,Ladushkin
bearengeyqa,mpietznerqa@amazon.co.jp,Poitiers
jcolatonqb,solivasqb@miibeian.gov.cn,Ar Riqāmā
cstetsonqc,mbrandsqc@kickstarter.com,Shunling
mcasfordqd,iperkinsonqd@ning.com,Frederiksberg
sgaskerqe,lbremingqe@tiny.cc,Mölndal
opurdieqf,vobinqf@wikipedia.org,Chavusy
bcourtonneqg,clutwycheqg@clickbank.net,Chợ Mới
sjacquemyqh,ebillyardqh@cdbaby.com,Guanban
hbohlmannqi,cspeakqi@deliciousdays.com,José Bonifácio
gomullallyqj,ghunnybunqj@oracle.com,Yangshan
colliffqk,bmarioneauqk@toplist.cz,Hongyansi
bhawkenql,kdewintonql@mapquest.com,Idenao
bpocockqm,olevermoreqm@ustream.tv,Anáfi
kfidlerqn,ktaylerqn@forbes.com,Bonneville
sbredeeqo,iovillqo@huffingtonpost.com,Payaman
tszymonowiczqp,availqp@posterous.com,Karasuyama
hdownseqq,ryakhinqq@noaa.gov,Vilares
dhoughtqr,adimitrievqr@delicious.com,As Saffānīyah
cmackainqs,etithecoteqs@multiply.com,Eséka
aknapmanqt,mtouzeyqt@ibm.com,Ryazhsk
lfrowqu,cgissingqu@instagram.com,Carvoeira
eharbageqv,sbonefantqv@edublogs.org,Ushirombo
adowberqw,dbirtchnellqw@webnode.com,Klyuchi
draddinqx,wbartocciqx@wired.com,Padova
ymclaughlanqy,espaingowerqy@wufoo.com,Wugui
dberrickqz,skevernqz@mashable.com,Magisterial
ldilkesr0,twooffittr0@yale.edu,Cầu Giát
llewerenzr1,vhamblyr1@npr.org,Tundagan
elaverackr2,kcatheer2@ocn.ne.jp,Jinshanwei
bbrahmsr3,mwhanstallr3@ftc.gov,Naurskaya
dfarrierr4,usteinr4@meetup.com,Monteros
mjenynsr5,pmoretonr5@google.de,Perené
idennickr6,mhillabyr6@usatoday.com,Sai’erlong Xiang
phartlandr7,dpedycanr7@blogspot.com,Avesta
jwoolbrookr8,slempker8@newsvine.com,Pingdu
hhehnker9,lammerr9@elpais.com,Andalucía
ghazeleyra,tfilipchikovra@mapquest.com,Marseille
rdodshunrb,kturlandrb@nasa.gov,Severnyy
bmcsperronrc,wwabersichrc@mapy.cz,Jaguaribe
slegonrd,wamsdenrd@yahoo.co.jp,L'Aigle
rkensetre,ssaladinore@nba.com,Lindavista
pnickersonrf,jdraperrf@cocolog-nifty.com,Haapajärvi
hkorpalrg,hpestorrg@nature.com,Temyasovo
gleminrh,nsawdyrh@drupal.org,Korydallós
jsemirazri,jbowdonri@jalbum.net,Sambirobyong
mcrusrj,ggullyesrj@godaddy.com,Biguaçu
nshoveltonrk,mbarocherk@icq.com,Mongar
relloitrl,mbernthrl@smugmug.com,Khon San
gsiberryrm,hhacherm@cam.ac.uk,Mancagahar
dstookesrn,yrentzrn@instagram.com,Vila Nova
mmathewesro,rlarkworthyro@spiegel.de,Meshcherino
smcettrickrp,cstetsonrp@blog.com,Forninho
karonsrq,yslewcockrq@rediff.com,Lengshui
pkarlerr,hpaulirr@cmu.edu,Libode
